City_ID,City,Country,Date,Lat,Lng,Max Temp,Humidity,Cloudiness,Wind Speed
0,Port Alfred,ZA,2022-10-16 00:25:01,-33.5906,26.891,63.18,95,100,3.0
1,Ariquemes,BR,2022-10-16 00:25:01,-9.9133,-63.0408,77.11,74,97,3.15
2,Lavrentiya,RU,2022-10-16 00:22:50,65.5833,-171.0,31.73,74,100,23.51
3,Ushuaia,AR,2022-10-16 00:21:45,-54.8,-68.3,44.26,49,0,12.66
4,Deputatskiy,RU,2022-10-16 00:25:02,69.3,139.9,11.84,92,100,4.12
5,Hirara,JP,2022-10-16 00:25:02,24.8,125.2833,82.67,89,75,18.41
6,Marinette,US,2022-10-16 00:25:03,45.1,-87.6307,43.25,93,100,5.75
7,Pisco,PE,2022-10-16 00:25:03,-13.7,-76.2167,60.85,82,0,14.97
8,Yar-Sale,RU,2022-10-16 00:25:04,66.8333,70.8333,38.16,88,100,4.14
9,Rikitea,PF,2022-10-16 00:25:04,-23.1203,-134.9692,73.83,83,27,18.95
10,Pangai,TO,2022-10-16 00:25:05,-19.8,-174.35,82.51,74,40,6.91
11,Gadwal,IN,2022-10-16 00:25:05,16.2333,77.8,72.97,92,93,5.66
12,Albany,US,2022-10-16 00:22:07,42.6001,-73.9662,61.21,65,3,5.08
13,Kollam,IN,2022-10-16 00:23:06,8.8833,76.6,77.5,86,99,3.2
14,Pangnirtung,CA,2022-10-16 00:23:19,66.1451,-65.7125,37.45,93,100,2.62
15,Cape Town,ZA,2022-10-16 00:25:01,-33.9258,18.4232,66.38,77,0,11.5
16,Avarua,CK,2022-10-16 00:25:06,-21.2078,-159.775,82.45,61,5,13.8
17,Todos Santos,MX,2022-10-16 00:25:06,23.45,-110.2167,81.3,74,19,9.66
18,Laguna,US,2022-10-16 00:25:07,38.421,-121.4238,83.44,58,0,12.66
19,Ponta Do Sol,PT,2022-10-16 00:25:07,32.6667,-17.1,71.71,74,40,3.74
20,Hermanus,ZA,2022-10-16 00:25:07,-34.4187,19.2345,61.81,90,96,12.86
21,Sanchazi,CN,2022-10-16 00:25:08,42.0817,126.6003,45.73,68,100,4.14
22,Manta,EC,2022-10-16 00:25:08,-0.95,-80.7333,71.38,83,40,10.36
23,Saint George,US,2022-10-16 00:23:53,37.1041,-113.5841,84.79,16,0,10.36
24,Barrow,US,2022-10-16 00:25:09,71.2906,-156.7887,8.62,85,0,9.22
25,Hobyo,SO,2022-10-16 00:25:09,5.3505,48.5268,76.87,88,90,19.71
26,Hamilton,US,2022-10-16 00:21:30,39.1834,-84.5333,55.67,55,0,0.0
27,Leningradskiy,RU,2022-10-16 00:25:10,69.3833,178.4167,12.45,86,54,4.29
28,Irondequoit,US,2022-10-16 00:25:10,43.2134,-77.5797,51.08,69,40,12.66
29,Cidreira,BR,2022-10-16 00:25:11,-30.1811,-50.2056,63.37,86,100,20.62
30,Faya,SA,2022-10-16 00:25:11,18.3851,42.4509,59.11,31,3,4.34
31,Poum,NC,2022-10-16 00:25:12,-20.2333,164.0167,75.51,73,98,15.99
32,Atuona,PF,2022-10-16 00:21:43,-9.8,-139.0333,76.62,74,10,12.37
33,Broome,US,2022-10-16 00:25:12,42.2506,-75.833,55.78,66,20,8.05
34,Prince Rupert,CA,2022-10-16 00:25:10,54.3161,-130.3201,66.29,84,0,5.75
35,Komsomolskiy,UZ,2022-10-16 00:25:06,40.4272,71.7189,52.52,50,0,52.93
36,Coihaique,CL,2022-10-16 00:23:32,-45.5752,-72.0662,54.21,62,0,4.61
37,Vaini,TO,2022-10-16 00:25:13,-21.2,-175.2,78.96,78,75,5.75
38,Kaitangata,NZ,2022-10-16 00:23:07,-46.2817,169.8464,59.25,64,87,2.57
39,Punta Arenas,CL,2022-10-16 00:22:05,-53.15,-70.9167,46.51,53,0,17.27
40,Beira,MZ,2022-10-16 00:25:13,-19.8436,34.8389,73.49,88,20,2.3
41,Beaupre,CA,2022-10-16 00:25:14,47.0443,-70.8953,55.71,84,3,2.3
42,Hilo,US,2022-10-16 00:25:14,19.7297,-155.09,88.29,77,100,10.36
43,Samarai,PG,2022-10-16 00:25:14,-10.6167,150.6667,81.93,80,94,10.78
44,Sorland,NO,2022-10-16 00:25:15,67.667,12.6934,46.26,77,100,23.0
45,Khatanga,RU,2022-10-16 00:26:15,71.9667,102.5,27.1,87,100,13.4
46,Longyearbyen,SJ,2022-10-16 00:26:16,78.2186,15.6401,22.84,74,0,13.8
47,Hobart,AU,2022-10-16 00:21:53,-42.8794,147.3294,56.05,59,75,11.5
48,Touros,BR,2022-10-16 00:26:16,-5.1989,-35.4608,77.41,80,25,17.27
49,Lompoc,US,2022-10-16 00:26:17,34.6391,-120.4579,70.02,87,100,11.5
50,Soe,ID,2022-10-16 00:26:17,-9.8607,124.284,77.43,62,85,5.26
51,New Norfolk,AU,2022-10-16 00:26:17,-42.7826,147.0587,56.71,49,98,5.95
52,Arlit,NE,2022-10-16 00:22:58,18.7369,7.3853,84.33,16,0,9.28
53,Sale,MA,2022-10-16 00:26:18,34.0389,-6.8166,65.08,94,80,5.75
54,Mataura,NZ,2022-10-16 00:26:19,-46.1927,168.8643,56.48,70,98,3.02
55,East London,ZA,2022-10-16 00:26:19,-33.0153,27.9116,65.48,84,100,17.98
56,Veinticinco De Mayo,AR,2022-10-16 00:26:19,-35.4323,-60.1727,52.99,75,26,1.01
57,Urumqi,CN,2022-10-16 00:24:01,43.801,87.6005,45.55,40,0,4.47
58,Saint-Philippe,RE,2022-10-16 00:21:45,-21.3585,55.7679,65.79,78,44,9.44
59,Yerbogachen,RU,2022-10-16 00:26:20,61.2767,108.0108,27.19,86,90,7.9
60,Namatanai,PG,2022-10-16 00:26:20,-3.6667,152.4333,86.04,64,70,5.75
61,Dikson,RU,2022-10-16 00:21:46,73.5069,80.5464,32.47,81,90,12.82
62,Ribeira Grande,PT,2022-10-16 00:26:21,38.5167,-28.7,63.77,82,25,1.99
63,Nikolskoye,RU,2022-10-16 00:22:59,59.7035,30.7861,49.91,80,100,8.32
64,Sovetskiy,RU,2022-10-16 00:26:21,61.3614,63.5842,39.47,96,100,4.12
65,Rio Gallegos,AR,2022-10-16 00:22:44,-51.6226,-69.2181,50.05,32,0,0.0
66,Torbay,CA,2022-10-16 00:26:22,47.6666,-52.7314,50.27,93,75,9.22
67,Warri,NG,2022-10-16 00:26:22,5.5167,5.75,75.56,92,100,3.8
68,Bredasdorp,ZA,2022-10-16 00:26:23,-34.5322,20.0403,60.01,91,100,14.5
69,Grand Gaube,MU,2022-10-16 00:26:23,-20.0064,57.6608,70.2,76,39,5.01
70,Provideniya,RU,2022-10-16 00:26:23,64.3833,-173.3,29.53,74,100,14.32
71,Wanaka,NZ,2022-10-16 00:26:24,-44.7,169.15,52.81,78,94,6.2
72,Padang,ID,2022-10-16 00:24:03,-0.9492,100.3543,75.25,94,100,3.24
73,Castro,BR,2022-10-16 00:26:24,-24.7911,-50.0119,57.47,96,100,8.59
74,San Quintin,MX,2022-10-16 00:26:24,30.4833,-115.95,67.24,63,32,6.93
75,Busselton,AU,2022-10-16 00:26:25,-33.65,115.3333,54.73,75,65,6.85
76,Tambopata,PE,2022-10-16 00:26:25,-12.7333,-69.1833,74.52,80,71,1.34
77,Tura,IN,2022-10-16 00:26:26,25.5198,90.2201,70.81,76,100,3.85
78,Narsaq,GL,2022-10-16 00:26:26,60.9167,-46.05,29.26,68,0,4.12
79,Sakaiminato,JP,2022-10-16 00:26:26,35.55,133.2333,66.18,82,20,1.14
80,Korla,CN,2022-10-16 00:26:27,41.7597,86.1469,51.75,30,90,1.1
81,Kahului,US,2022-10-16 00:26:27,20.8947,-156.47,87.82,63,40,17.27
82,Flinders,AU,2022-10-16 00:26:27,-34.5833,150.8552,71.19,58,60,5.01
83,Prykolotne,UA,2022-10-16 00:26:28,50.1604,37.3474,36.07,75,56,6.58
84,Cabo San Lucas,MX,2022-10-16 00:22:24,22.8909,-109.9124,83.61,67,0,18.41
85,Ziro,IN,2022-10-16 00:26:29,27.6333,93.8333,48.94,96,13,2.62
86,Puerto Ayora,EC,2022-10-16 00:26:29,-0.7393,-90.3518,67.55,90,80,11.01
87,Pevek,RU,2022-10-16 00:26:29,69.7008,170.3133,17.24,92,99,3.98
88,Marawi,PH,2022-10-16 00:26:30,7.9986,124.2928,75.69,78,97,3.09
89,Hithadhoo,MV,2022-10-16 00:27:30,-0.6,73.0833,80.98,69,60,13.89
90,Kapaa,US,2022-10-16 00:27:30,22.0752,-159.319,84.18,63,75,14.97
91,Upernavik,GL,2022-10-16 00:27:31,72.7868,-56.1549,24.48,61,100,8.55
92,San Cristobal,VE,2022-10-16 00:27:31,7.7669,-72.225,73.58,89,52,2.28
93,Tamale,GH,2022-10-16 00:27:31,9.4008,-0.8393,73.9,90,71,5.21
94,Belyy Yar,RU,2022-10-16 00:27:32,53.6039,91.3903,17.49,93,20,4.47
95,Kodiak,US,2022-10-16 00:22:34,57.79,-152.4072,53.11,71,75,4.61
96,Pontianak,ID,2022-10-16 00:27:32,-0.0333,109.3333,76.98,88,20,3.44
97,Rovaniemi,FI,2022-10-16 00:27:33,66.5,25.7167,49.41,100,100,13.8
98,Lebu,CL,2022-10-16 00:27:33,-37.6167,-73.65,51.06,85,29,17.34
99,Jamestown,US,2022-10-16 00:27:33,42.097,-79.2353,44.71,73,0,4.61
100,Zaozerne,UA,2022-10-16 00:27:34,45.1582,33.2787,54.82,64,100,18.14
101,Zhuanghe,CN,2022-10-16 00:27:34,39.7008,122.9911,55.26,58,100,12.41
102,Bilibino,RU,2022-10-16 00:27:34,68.0546,166.4372,0.01,98,100,1.05
103,Ola,RU,2022-10-16 00:27:35,59.5833,151.2833,19.15,57,5,6.78
104,Bluff,NZ,2022-10-16 00:27:35,-46.6,168.3333,56.8,75,74,8.97
105,Muzhi,RU,2022-10-16 00:27:36,65.3667,64.6667,39.24,96,100,2.75
106,Tucurui,BR,2022-10-16 00:22:48,-3.7661,-49.6725,75.92,89,96,1.74
107,Qaanaaq,GL,2022-10-16 00:27:36,77.484,-69.3632,28.27,91,100,24.43
108,Nome,US,2022-10-16 00:27:36,64.5011,-165.4064,35.67,36,0,20.71
109,Aripuana,BR,2022-10-16 00:27:37,-9.1667,-60.6333,71.85,98,93,1.05
110,Outjo,NA,2022-10-16 00:27:37,-20.1167,16.15,66.88,64,82,7.25
111,Omboue,GA,2022-10-16 00:27:37,-1.5746,9.2618,75.0,89,100,1.12
112,Namibe,AO,2022-10-16 00:24:16,-15.1961,12.1522,68.81,85,100,3.11
113,Axim,GH,2022-10-16 00:27:38,4.8699,-2.2405,77.85,84,100,8.5
114,Nouadhibou,MR,2022-10-16 00:27:38,20.931,-17.0347,69.78,88,0,12.66
115,Sayyan,YE,2022-10-16 00:27:38,15.1718,44.3244,54.34,28,43,5.48
116,Springbok,ZA,2022-10-16 00:27:39,-29.6643,17.8865,66.04,48,90,3.31
117,Teguise,ES,2022-10-16 00:22:54,29.0605,-13.564,70.02,68,20,13.8
118,Chokurdakh,RU,2022-10-16 00:27:39,70.6333,147.9167,6.62,90,100,9.66
119,Chuy,UY,2022-10-16 00:27:39,-33.6971,-53.4616,57.94,81,100,12.77
120,Zheleznodorozhnyy,RU,2022-10-16 00:27:40,55.7503,38.0042,37.81,73,75,5.84
121,Nemuro,JP,2022-10-16 00:27:40,43.3236,145.575,57.72,83,6,2.62
122,Te Anau,NZ,2022-10-16 00:22:52,-45.4167,167.7167,60.19,56,94,3.62
123,Zhigansk,RU,2022-10-16 00:27:41,66.7697,123.3711,20.07,95,100,10.13
124,Correntina,BR,2022-10-16 00:27:41,-13.3433,-44.6367,75.36,37,30,4.32
125,Nola,IT,2022-10-16 00:26:59,40.922,14.5329,64.63,68,4,1.19
126,Skjervoy,NO,2022-10-16 00:27:41,70.0311,20.9714,48.2,80,100,13.27
127,Rawson,AR,2022-10-16 00:27:42,-43.3002,-65.1023,50.99,78,100,19.46
128,Seaforth,JM,2022-10-16 00:27:42,17.9358,-76.4573,81.45,86,74,4.36
129,Yulara,AU,2022-10-16 00:27:42,-25.2406,130.9889,77.99,36,7,13.18
130,Batemans Bay,AU,2022-10-16 00:27:43,-35.7167,150.1833,59.09,77,100,8.39
131,Dudinka,RU,2022-10-16 00:27:43,69.4058,86.1778,31.62,93,100,13.11
132,Colgong,IN,2022-10-16 00:27:43,25.2667,87.2167,71.13,68,3,2.77
133,Graham,US,2022-10-16 00:27:44,47.0529,-122.2943,81.72,45,0,4.61
134,Butaritari,KI,2022-10-16 00:27:44,3.0707,172.7902,81.63,74,20,18.52
135,Ahipara,NZ,2022-10-16 00:28:44,-35.1667,173.1667,62.01,58,5,9.06
136,Magalia,US,2022-10-16 00:28:44,39.8121,-121.5783,77.41,41,1,4.21
137,Iquitos,PE,2022-10-16 00:28:45,-3.7481,-73.2472,75.24,88,75,0.0
138,Gat,IL,2022-10-16 00:28:45,31.61,34.7642,71.4,59,4,3.4
139,Linxia,CN,2022-10-16 00:23:59,35.6003,103.2064,43.68,50,39,2.13
140,Bolobo,CD,2022-10-16 00:28:45,-2.1667,16.2333,69.26,96,97,2.84
141,Benghazi,LY,2022-10-16 00:28:46,32.1167,20.0667,72.3,67,17,13.58
142,Kijang,KR,2022-10-16 00:27:51,35.2442,129.2139,64.13,71,5,5.75
143,Koundara,GN,2022-10-16 00:28:46,12.4833,-13.3,74.37,92,100,3.6
144,Pecos,US,2022-10-16 00:26:04,31.4229,-103.4932,86.83,42,40,13.8
145,Cherskiy,RU,2022-10-16 00:28:47,68.75,161.3,11.44,94,99,8.3
146,Bafoulabe,ML,2022-10-16 00:28:47,13.8065,-10.8321,81.18,62,97,4.12
147,Progress,US,2022-10-16 00:28:47,40.2851,-76.8314,62.64,73,0,6.91
148,Sistranda,NO,2022-10-16 00:28:47,63.7256,8.834,48.16,68,89,27.27
149,Dunedin,NZ,2022-10-16 00:25:07,-45.8742,170.5036,61.81,63,93,1.99
150,Karratha,AU,2022-10-16 00:28:48,-20.7377,116.8463,78.24,30,33,8.01
151,Terney,RU,2022-10-16 00:28:48,45.0503,136.6092,57.18,65,78,3.09
152,Creel,MX,2022-10-16 00:28:49,27.75,-107.6333,58.03,83,69,9.93
153,Saint-Pierre,RE,2022-10-16 00:28:49,-21.3393,55.4781,71.56,63,0,8.05
154,Makakilo City,US,2022-10-16 00:28:49,21.3469,-158.0858,86.32,54,100,13.8
155,Sola,VU,2022-10-16 00:28:50,-13.8833,167.55,84.87,74,100,9.22
156,Coquimbo,CL,2022-10-16 00:28:50,-29.9533,-71.3436,53.33,100,20,8.05
157,Hasaki,JP,2022-10-16 00:28:50,35.7333,140.8333,72.28,68,2,12.88
158,Pijijiapan,MX,2022-10-16 00:28:51,15.7011,-93.23,78.48,92,98,1.52
159,Northam,GB,2022-10-16 00:28:51,51.0333,-4.2167,54.61,84,6,24.14
160,Campo Grande,BR,2022-10-16 00:25:26,-20.4428,-54.6464,69.35,83,75,9.22
161,Shetpe,KZ,2022-10-16 00:28:51,44.1667,52.1167,50.61,77,98,8.81
162,Port Elizabeth,ZA,2022-10-16 00:28:52,-33.918,25.5701,62.89,99,100,14.97
163,Peniche,PT,2022-10-16 00:28:52,39.3558,-9.3811,66.29,89,85,9.1
164,Clyde River,CA,2022-10-16 00:28:52,70.4692,-68.5914,41.23,81,0,18.41
165,Yellowknife,CA,2022-10-16 00:28:53,62.456,-114.3525,28.92,54,40,5.75
166,Inirida,CO,2022-10-16 00:28:53,3.8653,-67.9239,75.13,94,67,2.51
167,Necochea,AR,2022-10-16 00:24:37,-38.5473,-58.7368,50.02,58,10,11.03
168,Richards Bay,ZA,2022-10-16 00:28:53,-28.783,32.0377,67.48,74,98,6.55
169,Isparta,TR,2022-10-16 00:28:54,38.0,31.0,52.43,84,86,4.83
170,Penzance,GB,2022-10-16 00:28:54,50.1186,-5.5371,54.28,75,2,24.54
171,Owensboro,US,2022-10-16 00:28:54,37.7742,-87.1133,57.25,44,0,3.44
172,Diamantino,BR,2022-10-16 00:28:54,-14.4086,-56.4461,81.82,56,65,4.5
173,Singaparna,ID,2022-10-16 00:28:55,-7.3515,108.111,72.21,96,99,1.74
174,Falun,SE,2022-10-16 00:24:54,60.6036,15.626,51.94,97,84,3.85
175,Port Lincoln,AU,2022-10-16 00:28:55,-34.7333,135.8667,59.68,62,3,4.74
176,Manavalakurichi,IN,2022-10-16 00:28:55,8.1333,77.3,77.83,85,83,5.46
177,Wajid,SO,2022-10-16 00:29:56,3.8093,43.2471,72.45,78,6,14.07
178,Klaksvik,FO,2022-10-16 00:29:56,62.2266,-6.589,43.72,86,100,16.13
179,Pingliang,CN,2022-10-16 00:29:56,35.5392,106.6861,49.64,38,56,4.88
180,Mazamet,FR,2022-10-16 00:29:57,43.49,2.373,65.84,87,0,16.11
181,Severo-Yeniseyskiy,RU,2022-10-16 00:29:57,60.3725,93.0408,26.22,83,100,3.47
182,Ahuimanu,US,2022-10-16 00:29:57,21.4447,-157.8378,87.51,60,40,13.8
183,Bereda,ES,2022-10-16 00:29:58,43.2686,-7.5406,61.41,92,79,4.94
184,Ulladulla,AU,2022-10-16 00:29:58,-35.35,150.4667,62.1,68,64,7.63
185,Lazaro Cardenas,MX,2022-10-16 00:29:58,17.9583,-102.2,82.04,81,25,5.08
186,The Valley,AI,2022-10-16 00:29:58,18.217,-63.0578,82.26,74,6,14.12
187,Vila Franca Do Campo,PT,2022-10-16 00:29:59,37.7167,-25.4333,66.61,70,70,9.64
188,Kelvington,CA,2022-10-16 00:29:59,52.1667,-103.5343,35.67,42,55,15.08
189,Torrelavega,ES,2022-10-16 00:29:59,43.3494,-4.0479,64.8,92,100,1.01
190,Alto Parana,BR,2022-10-16 00:30:00,-23.1289,-52.3189,68.05,81,98,14.38
191,Cururupu,BR,2022-10-16 00:30:00,-1.8283,-44.8683,75.9,88,65,3.29
192,Quartz Hill,US,2022-10-16 00:30:00,34.6453,-118.2181,85.23,53,0,19.57
193,Namie,JP,2022-10-16 00:30:01,37.4833,141.0,65.98,83,87,3.31
194,Shingu,JP,2022-10-16 00:30:01,33.7333,135.9833,72.9,82,61,6.02
195,Dingle,PH,2022-10-16 00:30:01,10.9995,122.6711,79.9,85,100,11.3
196,Talnakh,RU,2022-10-16 00:30:02,69.4865,88.3972,31.21,96,100,9.95
197,Sao Filipe,CV,2022-10-16 00:30:02,14.8961,-24.4956,77.14,73,46,7.34
198,Asuncion Nochixtlan,MX,2022-10-16 00:30:03,17.4667,-97.2333,57.88,92,100,6.44
199,Wooster,US,2022-10-16 00:30:04,40.8051,-81.9351,47.71,70,0,0.0
200,Quatre Cocos,MU,2022-10-16 00:30:05,-20.2078,57.7625,69.91,75,100,9.53
201,Port Hardy,CA,2022-10-16 00:30:05,50.6996,-127.4199,60.98,77,20,0.0
202,Iqaluit,CA,2022-10-16 00:29:55,63.7506,-68.5145,33.53,100,100,5.75
203,Huarmey,PE,2022-10-16 00:30:06,-10.0681,-78.1522,62.6,82,87,8.79
204,Tasiilaq,GL,2022-10-16 00:30:06,65.6145,-37.6368,28.56,62,0,8.81
205,Nishihara,JP,2022-10-16 00:30:06,26.1842,127.7558,85.28,77,40,20.71
206,Kalmunai,LK,2022-10-16 00:30:07,7.4167,81.8167,78.08,83,100,4.59
207,Erzin,TR,2022-10-16 00:30:07,36.9559,36.2,66.31,58,100,3.56
208,Kerema,PG,2022-10-16 00:30:07,-7.9631,145.7785,85.48,73,100,7.81
209,Faanui,PF,2022-10-16 00:30:08,-16.4833,-151.75,79.02,77,35,17.92
210,Azacualpa,HN,2022-10-16 00:30:08,15.3433,-88.5514,79.45,99,88,1.59
211,Haines Junction,CA,2022-10-16 00:30:09,60.7522,-137.5108,31.95,93,78,6.91
212,Leek,NL,2022-10-16 00:30:09,53.1625,6.3764,57.18,53,100,11.5
213,Anaco,VE,2022-10-16 00:30:10,9.4389,-64.4728,75.34,83,23,4.81
214,Gardendale,US,2022-10-16 00:30:10,33.6601,-86.8128,71.46,73,20,0.0
215,Podosinovets,RU,2022-10-16 00:30:10,60.2776,47.0659,41.94,96,100,5.17
216,Camacari,BR,2022-10-16 00:25:29,-12.6975,-38.3242,78.57,85,5,4.74
217,Koungou,YT,2022-10-16 00:30:11,-12.7336,45.2042,71.31,88,20,3.44
218,Barcelona,ES,2022-10-16 00:27:35,41.3888,2.159,71.55,88,20,3.44
219,Calbuco,CL,2022-10-16 00:30:11,-41.768,-73.1273,51.01,90,32,11.36
220,Tiksi,RU,2022-10-16 00:30:12,71.6872,128.8694,22.1,82,100,21.18
221,General Pico,AR,2022-10-16 00:30:12,-35.6566,-63.7568,55.33,48,0,11.25
222,Homer,US,2022-10-16 00:30:12,59.6425,-151.5483,48.07,69,0,8.05
223,Georgetown,MY,2022-10-16 00:28:56,5.4112,100.3354,76.95,97,40,4.61
224,Bathsheba,BB,2022-10-16 00:31:14,13.2167,-59.5167,81.21,89,20,11.5
225,Mwene-Ditu,CD,2022-10-16 00:31:15,-7.0,23.45,66.45,87,100,6.08
226,Husavik,IS,2022-10-16 00:31:15,66.0449,-17.3389,34.0,99,100,28.99
227,Hami,CN,2022-10-16 00:31:16,42.8,93.45,53.67,27,9,7.38
228,Mar Del Plata,AR,2022-10-16 00:29:07,-38.0023,-57.5575,55.94,82,0,14.0
229,Lethem,GY,2022-10-16 00:31:16,3.3803,-59.7968,79.2,75,55,6.51
230,Kismayo,SO,2022-10-16 00:31:17,-0.3582,42.5454,76.51,84,19,10.4
231,Vestmannaeyjar,IS,2022-10-16 00:31:17,63.4427,-20.2734,40.19,65,92,28.79
232,Balkanabat,TM,2022-10-16 00:31:18,39.5108,54.3671,69.06,44,100,5.28
233,Arraial Do Cabo,BR,2022-10-16 00:31:18,-22.9661,-42.0278,70.54,84,100,9.89
234,Sri Aman,MY,2022-10-16 00:31:18,1.2376,111.4621,77.05,94,20,4.61
235,Thinadhoo,MV,2022-10-16 00:31:19,0.5333,72.9333,81.55,71,91,16.53
236,Safaga,EG,2022-10-16 00:31:19,26.7292,33.9365,77.61,53,20,3.47
237,Cockburn Town,TC,2022-10-16 00:31:20,21.4612,-71.1419,82.17,74,90,10.31
238,Mashhad,IR,2022-10-16 00:31:21,36.297,59.6062,55.54,44,0,6.91
239,Pincher Creek,CA,2022-10-16 00:30:06,49.4833,-113.952,60.91,44,0,9.22
240,Calgary,CA,2022-10-16 00:26:44,51.0501,-114.0853,61.02,47,0,9.22
241,Constitucion,CL,2022-10-16 00:30:04,-35.3333,-72.4167,55.67,73,86,9.04
242,Ternate,ID,2022-10-16 00:31:21,0.8,127.4,84.4,72,99,3.36
243,Tuktoyaktuk,CA,2022-10-16 00:31:22,69.4541,-133.0374,23.0,74,75,8.05
244,Luderitz,NA,2022-10-16 00:31:22,-26.6481,15.1594,57.74,87,74,4.14
245,Balakhninskiy,RU,2022-10-16 00:31:22,58.0106,114.2769,25.79,90,99,4.18
246,Asini,GR,2022-10-16 00:31:23,37.5454,22.8621,64.69,74,20,9.95
247,Fortuna,US,2022-10-16 00:31:23,40.5982,-124.1573,65.91,77,0,10.36
248,Russell,US,2022-10-16 00:31:24,32.3502,-85.1999,70.83,82,0,0.0
249,College,US,2022-10-16 00:31:24,64.8569,-147.8028,33.75,70,100,8.05
250,Knyaze-Volkonskoye,RU,2022-10-16 00:31:25,48.4642,135.4567,50.34,48,72,9.86
251,Mehamn,NO,2022-10-16 00:31:25,71.0357,27.8492,44.51,93,100,13.8
252,Chopda,IN,2022-10-16 00:31:26,21.25,75.3,67.87,68,72,3.47
253,Ayr,GB,2022-10-16 00:31:26,55.4627,-4.6339,48.18,81,75,18.41
254,Severo-Kurilsk,RU,2022-10-16 00:31:26,50.6789,156.125,44.71,73,12,15.93
255,Aliaga,PH,2022-10-16 00:31:27,15.5167,120.8667,85.5,90,100,4.61
256,Belmonte,BR,2022-10-16 00:31:27,-15.8631,-38.8828,73.42,84,59,10.27
257,Biak,ID,2022-10-16 00:31:27,-0.9131,122.8766,83.05,68,79,5.19
258,Nanortalik,GL,2022-10-16 00:31:28,60.1432,-45.2371,36.43,70,0,17.43
259,Epe,NG,2022-10-16 00:31:28,6.5841,3.9834,75.72,93,100,2.08
260,Atar,MR,2022-10-16 00:31:29,20.5169,-13.0499,88.02,28,10,4.59
261,Quballat,TN,2022-10-16 00:31:29,36.5418,9.6633,67.17,77,5,3.94
262,Sisimiut,GL,2022-10-16 00:31:30,66.9395,-53.6735,31.71,57,100,16.51
263,Bengkulu,ID,2022-10-16 00:31:30,-3.8004,102.2655,77.65,81,77,2.01
264,Qeshm,IR,2022-10-16 00:31:31,26.9581,56.2719,76.87,64,6,3.04
265,Manado,ID,2022-10-16 00:29:20,1.487,124.8455,88.57,66,20,1.14
266,Rocha,UY,2022-10-16 00:31:32,-34.4833,-54.3333,53.92,95,100,7.61
267,Mayo,US,2022-10-16 00:31:32,38.8876,-76.5119,67.17,85,0,9.22
268,Tokur,RU,2022-10-16 00:31:32,53.1333,132.9,34.84,69,26,2.98
269,Solntsevo,RU,2022-10-16 00:31:33,51.4185,36.7499,30.54,77,4,3.67
270,Palmer,US,2022-10-16 00:32:33,42.1584,-72.3287,58.37,73,0,6.91
271,Saskylakh,RU,2022-10-16 00:32:33,71.9167,114.0833,32.65,93,100,17.49
272,Fomboni,KM,2022-10-16 00:32:34,-12.28,43.7425,76.17,74,11,8.52
273,Slave Lake,CA,2022-10-16 00:31:11,55.2834,-114.769,40.98,52,100,12.66
274,Kansk,RU,2022-10-16 00:32:34,56.2017,95.7175,30.18,78,63,4.29
275,Arman,RU,2022-10-16 00:32:34,59.7,150.1667,19.02,50,20,4.81
276,Rodrigues Alves,BR,2022-10-16 00:32:35,-7.738,-72.6509,73.6,99,100,2.51
277,Norman Wells,CA,2022-10-16 00:32:35,65.282,-126.8329,26.64,63,100,14.97
278,Bambous Virieux,MU,2022-10-16 00:32:35,-20.3428,57.7575,70.05,78,75,6.91
279,Ranau,MY,2022-10-16 00:32:36,5.9538,116.6641,80.47,63,100,0.85
280,Menongue,AO,2022-10-16 00:29:20,-14.6585,17.691,64.44,75,86,3.87
281,Nuuk,GL,2022-10-16 00:32:36,64.1835,-51.7216,36.21,60,13,13.8
282,Pierre,US,2022-10-16 00:28:45,44.3683,-100.351,60.06,51,75,11.5
283,Winnemucca,US,2022-10-16 00:32:36,40.973,-117.7357,78.85,8,0,10.36
284,Cap Malheureux,MU,2022-10-16 00:32:37,-19.9842,57.6142,67.46,76,100,5.01
285,San Patricio,US,2022-10-16 00:32:37,28.017,-97.5169,82.54,69,5,10.8
286,Revda,RU,2022-10-16 00:32:37,56.801,59.9303,41.45,90,100,5.41
287,Boulder,US,2022-10-16 00:27:53,40.0833,-105.3505,53.98,50,100,3.44
288,Plainview,US,2022-10-16 00:32:38,40.7765,-73.4673,63.46,75,0,9.22
289,Westport,US,2022-10-16 00:31:20,41.1415,-73.3579,64.22,74,0,9.22
290,Zhezkazgan,KZ,2022-10-16 00:32:38,47.8043,67.7144,50.16,52,100,6.22
291,Mangrol,IN,2022-10-16 00:32:39,21.1167,70.1167,77.52,48,26,8.46
292,Kushima,JP,2022-10-16 00:32:39,31.4583,131.2333,78.44,67,43,8.88
293,Ossora,RU,2022-10-16 00:32:39,59.2353,163.0719,37.36,62,98,3.62
294,Isangel,VU,2022-10-16 00:32:40,-19.55,169.2667,80.71,69,40,4.61
295,Buraydah,SA,2022-10-16 00:32:40,26.326,43.975,72.05,20,62,7.72
296,Kampene,CD,2022-10-16 00:32:40,-3.6,26.6667,67.15,97,100,3.04
297,Airai,TL,2022-10-16 00:32:41,-8.9266,125.4092,73.36,53,100,4.16
298,Kruisfontein,ZA,2022-10-16 00:32:41,-34.0033,24.7314,59.95,87,100,9.31
299,Gawler,AU,2022-10-16 00:27:49,-34.6,138.7333,66.16,56,37,2.3
300,Katsuura,JP,2022-10-16 00:32:41,35.1333,140.3,73.2,68,5,13.38
301,San Pedro,PH,2022-10-16 00:28:37,14.35,121.0167,87.31,77,75,17.27
302,Alyangula,AU,2022-10-16 00:32:42,-13.8483,136.4192,86.95,58,100,9.66
303,Puerto Carreno,CO,2022-10-16 00:29:20,6.189,-67.4859,80.67,79,42,3.71
304,Kieta,PG,2022-10-16 00:32:42,-6.2167,155.6333,83.93,73,51,4.32
305,Lorengau,PG,2022-10-16 00:32:42,-2.0226,147.2712,85.01,71,37,10.49
306,Twentynine Palms,US,2022-10-16 00:32:43,34.1356,-116.0542,71.15,55,99,4.0
307,Thompson,CA,2022-10-16 00:32:43,55.7435,-97.8558,28.56,93,100,12.66
308,Atasu,KZ,2022-10-16 00:32:43,48.6814,71.6433,48.92,42,100,5.73
309,Bobo Dioulasso,BF,2022-10-16 00:32:43,11.1771,-4.2979,73.85,100,0,1.14
310,Banda Aceh,ID,2022-10-16 00:32:44,5.5577,95.3222,80.62,72,100,15.52
311,Bitung,ID,2022-10-16 00:32:44,1.4451,125.1824,88.65,70,100,7.43
312,Waxahachie,US,2022-10-16 00:31:53,32.3865,-96.8483,87.1,46,0,5.75
313,Shache,CN,2022-10-16 00:32:44,38.4167,77.2406,55.71,21,75,4.12
314,Kirakira,SB,2022-10-16 00:32:45,-10.4544,161.9205,83.66,76,100,5.46
315,Havoysund,NO,2022-10-16 00:32:45,70.9963,24.6622,48.43,88,100,12.73
316,Sandwick,GB,2022-10-16 00:32:45,60.0,-1.25,48.02,76,20,4.61
317,La Cruz,MX,2022-10-16 00:33:46,23.9167,-106.9,77.83,76,0,4.03
318,Nicoya,CR,2022-10-16 00:33:46,10.1483,-85.452,74.68,95,100,1.86
319,San Javier,ES,2022-10-16 00:33:46,37.8063,-0.8374,65.98,84,0,4.61
320,Chernyshevskiy,RU,2022-10-16 00:33:47,63.0128,112.4714,28.36,89,99,7.78
321,Ancud,CL,2022-10-16 00:33:47,-41.8697,-73.8203,47.21,94,95,2.98
322,Ketchikan,US,2022-10-16 00:33:47,55.3422,-131.6461,61.27,88,0,0.0
323,Vestmanna,FO,2022-10-16 00:33:48,62.1564,-7.1664,41.92,87,100,12.66
324,Havelock,US,2022-10-16 00:33:48,34.8791,-76.9013,71.94,67,0,5.75
325,Kaduqli,SD,2022-10-16 00:33:48,11.0167,29.7167,73.42,78,27,3.38
326,Emerald,AU,2022-10-16 00:33:48,-23.5333,148.1667,82.35,56,41,8.08
327,Orichi,RU,2022-10-16 00:33:49,58.4036,49.0572,40.08,93,100,4.76
328,Kropotkin,RU,2022-10-16 00:33:49,45.4375,40.5756,52.79,59,100,16.84
329,Grass Valley,US,2022-10-16 00:33:50,39.2191,-121.0611,79.18,36,0,4.61
330,Codrington,AU,2022-10-16 00:33:50,-38.2667,141.9667,56.95,69,48,7.65
331,Vagur,FO,2022-10-16 00:33:50,61.4732,-6.8119,45.07,87,100,17.05
332,Chicama,PE,2022-10-16 00:33:51,-7.8447,-79.1469,59.54,80,85,6.71
333,Petropavlovsk-Kamchatskiy,RU,2022-10-16 00:33:51,53.0452,158.6483,45.19,39,0,15.66
334,San Jeronimo,PE,2022-10-16 00:33:51,-11.9472,-75.2829,52.61,73,100,2.91
335,Wana,PK,2022-10-16 00:33:52,32.2989,69.5725,60.13,18,0,1.41
336,San Policarpo,PH,2022-10-16 00:33:52,12.1791,125.5072,85.46,70,100,5.77
337,Temozon,MX,2022-10-16 00:33:52,20.8,-88.2167,76.78,89,72,2.75
338,Carnarvon,AU,2022-10-16 00:33:53,-24.8667,113.6333,68.29,62,63,17.13
339,Tongzi,CN,2022-10-16 00:33:53,28.7829,105.0877,64.47,67,89,2.57
340,Millinocket,US,2022-10-16 00:30:31,45.6573,-68.7098,55.51,100,0,0.0
341,Krasnokholmskiy,RU,2022-10-16 00:33:53,55.9873,55.0466,43.16,89,100,6.8
342,Puerto Del Rosario,ES,2022-10-16 00:33:54,28.5004,-13.8627,73.15,73,0,8.05
343,Camacha,PT,2022-10-16 00:33:54,33.0833,-16.3333,65.62,83,40,2.3
344,Jojoima,SL,2022-10-16 00:33:54,7.8792,-10.7878,70.66,99,100,1.52
345,Pringsewu,ID,2022-10-16 00:33:55,-5.3582,104.9744,80.13,82,77,4.79
346,Petropavlovka,RU,2022-10-16 00:33:55,50.6114,105.3196,28.67,63,1,2.89
347,Sao Domingos Do Maranhao,BR,2022-10-16 00:33:55,-5.5758,-44.3853,81.84,35,24,2.42
348,Birao,CF,2022-10-16 00:33:56,10.2849,22.7882,72.14,52,100,1.57
349,Sinnamary,GF,2022-10-16 00:33:56,5.3833,-52.95,79.61,86,11,9.82
350,Chase,CA,2022-10-16 00:33:56,50.8165,-119.6857,67.32,62,53,2.91
351,Borskoye,RU,2022-10-16 00:33:56,53.0333,51.7167,42.69,84,100,6.24
352,Livingston,GB,2022-10-16 00:33:55,55.9029,-3.5226,46.47,89,75,14.97
353,Beipiao,CN,2022-10-16 00:33:57,41.7919,120.7792,49.35,19,41,13.49
354,Margate,GB,2022-10-16 00:33:57,51.3813,1.3862,56.7,82,49,3.0
355,Mogadishu,SO,2022-10-16 00:33:57,2.0371,45.3438,76.91,83,51,9.78
356,Saint-Augustin,CA,2022-10-16 00:33:58,51.226,-58.6502,48.43,84,100,1.66
357,Vilyuysk,RU,2022-10-16 00:33:58,63.7553,121.6247,27.19,92,100,7.2
358,Jimo,CN,2022-10-16 00:33:58,36.3897,120.4622,60.58,88,16,4.47
359,Guerrero Negro,MX,2022-10-16 00:33:59,27.9769,-114.0611,70.7,62,1,13.76
360,Kashiwazaki,JP,2022-10-16 00:33:59,37.3667,138.55,72.12,69,87,5.32
361,Katangli,RU,2022-10-16 00:33:59,51.7102,143.2326,48.42,76,99,14.07
362,Maniitsoq,GL,2022-10-16 00:34:00,65.4167,-52.9,34.02,58,97,8.88
363,Socorro,US,2022-10-16 00:34:00,31.6546,-106.3033,85.21,34,40,6.91
364,Coahuayana,MX,2022-10-16 00:34:00,18.7333,-103.6833,79.66,87,39,1.01
365,Berlevag,NO,2022-10-16 00:35:01,70.8578,29.0864,44.6,87,100,11.5
366,Iroquois Falls,CA,2022-10-16 00:35:01,48.7669,-80.6831,38.21,97,100,11.07
367,Panguipulli,CL,2022-10-16 00:30:24,-39.6333,-72.3333,49.08,88,98,2.06
368,Whitecourt,CA,2022-10-16 00:31:20,54.1502,-115.6855,51.04,50,40,10.36
369,Altay,CN,2022-10-16 00:35:02,47.8667,88.1167,46.96,31,99,6.02
370,Baiao,BR,2022-10-16 00:35:03,-2.7906,-49.6717,75.9,89,100,1.32
371,Isla Mujeres,MX,2022-10-16 00:35:04,21.2311,-86.731,82.45,79,0,9.91
372,Balagansk,RU,2022-10-16 00:35:04,54.0103,103.0544,29.71,82,97,2.93
373,Bida,NG,2022-10-16 00:35:04,9.0833,6.0167,74.86,86,87,1.86
374,Bilma,NE,2022-10-16 00:35:05,18.6853,12.9164,77.2,18,0,1.68
375,Marsh Harbour,BS,2022-10-16 00:35:05,26.5412,-77.0636,81.05,72,15,21.34
376,Mandalgovi,MN,2022-10-16 00:35:06,45.7625,106.2708,26.69,49,0,7.02
377,Ploemeur,FR,2022-10-16 00:35:06,47.7333,-3.4333,60.82,92,75,10.36
378,Fort Saint James,CA,2022-10-16 00:35:07,54.4333,-124.25,58.24,59,86,2.42
379,Maunabo,PR,2022-10-16 00:35:07,18.0072,-65.8993,82.22,90,74,7.81
380,Inhambane,MZ,2022-10-16 00:35:07,-23.865,35.3833,69.75,86,1,6.6
381,Auki,SB,2022-10-16 00:35:08,-8.7676,160.7034,86.5,62,100,4.16
382,Okrika,NG,2022-10-16 00:35:08,4.7416,7.0849,75.42,91,100,4.23
383,Mount Isa,AU,2022-10-16 00:35:09,-20.7333,139.5,89.37,33,5,14.97
384,Aketi,CD,2022-10-16 00:35:09,2.7388,23.7833,69.6,98,100,2.06
385,Svetlaya,RU,2022-10-16 00:35:09,46.5389,138.3297,55.0,73,100,7.94
386,Puerto Madero,MX,2022-10-16 00:35:09,14.7208,-92.4215,80.8,100,75,3.44
387,Rongcheng,CN,2022-10-16 00:35:10,30.634,117.8517,66.67,65,0,4.72
388,Dzhebariki-Khaya,RU,2022-10-16 00:35:10,62.2167,135.8,23.13,93,99,1.25
389,San Andres,CO,2022-10-16 00:35:11,12.5847,-81.7006,82.42,78,40,5.75
390,Nantucket,US,2022-10-16 00:35:11,41.2835,-70.0995,57.99,94,0,3.44
391,Santa Maria,BR,2022-10-16 00:35:11,-29.6842,-53.8069,63.7,77,0,11.5
392,Broken Hill,AU,2022-10-16 00:35:12,-31.95,141.4333,68.05,37,28,1.79
393,Kikwit,CD,2022-10-16 00:35:12,-5.041,18.8162,70.86,97,100,1.68
394,Senno,RU,2022-10-16 00:35:12,59.5336,33.9167,47.26,85,100,7.34
395,Madhipura,IN,2022-10-16 00:35:13,25.9167,86.7833,70.48,78,0,4.41
396,Portland,US,2022-10-16 00:35:13,45.5234,-122.6762,85.62,30,0,16.11
397,Grand Island,US,2022-10-16 00:34:48,40.925,-98.342,64.35,46,0,9.22
398,Kochubey,RU,2022-10-16 00:35:14,44.3861,46.5825,58.78,75,100,12.62
399,Derzhavinsk,KZ,2022-10-16 00:35:14,51.1,66.3167,43.3,54,90,8.93
400,Otradnoye,RU,2022-10-16 00:34:59,59.7775,30.8181,50.09,81,100,8.21
401,Sosua,DO,2022-10-16 00:35:15,19.7667,-70.5167,80.24,84,22,9.28
402,Pahrump,US,2022-10-16 00:32:47,36.2083,-115.9839,82.49,29,31,7.0
403,Sheffield,GB,2022-10-16 00:34:08,53.383,-1.4659,51.01,81,86,5.99
404,Steamboat Springs,US,2022-10-16 00:34:47,40.485,-106.8317,58.95,33,40,8.05
405,Vila Velha,BR,2022-10-16 00:34:21,-20.3297,-40.2925,75.15,78,75,11.5
406,Nizwa,OM,2022-10-16 00:35:15,22.9333,57.5333,72.68,30,6,2.44
407,Caranavi,BO,2022-10-16 00:35:16,-15.8167,-67.55,64.8,84,100,2.59
408,Kokkola,FI,2022-10-16 00:36:16,63.8385,23.1307,51.04,96,100,11.5
409,Vao,NC,2022-10-16 00:36:17,-22.6667,167.4833,69.01,60,4,6.17
410,Kasongo-Lunda,CD,2022-10-16 00:36:17,-6.4667,16.8167,69.6,99,100,0.76
411,Port Loko,SL,2022-10-16 00:36:17,8.7667,-12.7833,72.41,98,100,4.25
412,Talakan,RU,2022-10-16 00:36:18,50.3167,130.3667,40.32,44,47,7.36
413,Smirnykh,RU,2022-10-16 00:36:18,49.75,142.8333,50.41,79,100,7.38
414,Zapolyarnyy,RU,2022-10-16 00:36:18,69.4154,30.8136,43.88,92,100,7.34
415,Emirdag,TR,2022-10-16 00:36:19,39.0197,31.15,52.3,89,100,1.9
416,Cristalina,BR,2022-10-16 00:35:40,-16.7686,-47.6136,69.03,39,4,3.89
417,Maragogi,BR,2022-10-16 00:35:46,-9.0122,-35.2225,74.59,83,6,8.77
418,Grootfontein,NA,2022-10-16 00:36:19,-19.5667,18.1167,72.97,40,100,5.75
419,Hofn,IS,2022-10-16 00:33:29,64.2539,-15.2082,39.67,61,14,23.91
420,Klembivka,UA,2022-10-16 00:36:20,48.3904,28.4109,41.18,62,0,5.68
421,Brokopondo,SR,2022-10-16 00:36:20,4.75,-55.1667,77.49,88,42,9.13
422,Bonthe,SL,2022-10-16 00:36:20,7.5264,-12.505,75.61,89,99,1.12
423,Teofilo Otoni,BR,2022-10-16 00:36:21,-17.8575,-41.5053,69.22,82,83,5.84
424,Santana Do Livramento,BR,2022-10-16 00:36:21,-30.8908,-55.5328,58.57,86,100,7.34
425,Bandarbeyla,SO,2022-10-16 00:36:22,9.4942,50.8122,77.9,84,87,7.16
426,Kiunga,PG,2022-10-16 00:36:22,-6.1219,141.2906,89.6,62,84,1.72
427,Mount Gambier,AU,2022-10-16 00:36:22,-37.8333,140.7667,55.31,88,75,5.75
428,Neiafu,TO,2022-10-16 00:36:23,-18.65,-173.9833,83.08,83,20,11.5
429,Half Moon Bay,US,2022-10-16 00:36:23,37.4636,-122.4286,68.92,80,100,17.27
430,Ajdabiya,LY,2022-10-16 00:36:23,30.7554,20.2263,70.48,65,40,9.15
431,Kabelvag,NO,2022-10-16 00:36:24,68.2114,14.4817,46.42,87,100,14.83
432,Sitka,US,2022-10-16 00:36:24,57.0531,-135.33,57.09,88,75,11.5
433,Kavieng,PG,2022-10-16 00:36:24,-2.5744,150.7967,83.82,72,76,10.8
434,Qaqortoq,GL,2022-10-16 00:36:25,60.7167,-46.0333,35.82,70,0,9.37
435,Mazatlan,MX,2022-10-16 00:34:55,23.2167,-106.4167,84.16,79,0,9.22
436,Acapulco,MX,2022-10-16 00:32:08,16.8634,-99.8901,84.02,79,40,9.22
437,Sorochinsk,RU,2022-10-16 00:35:17,52.4338,53.1583,42.1,88,100,7.29
438,Tessalit,ML,2022-10-16 00:33:20,20.1986,1.0114,80.42,13,0,9.19
439,Constantine,DZ,2022-10-16 00:36:25,36.365,6.6147,60.21,58,0,2.3
440,Kakamega,KE,2022-10-16 00:36:26,0.2842,34.7523,63.12,86,100,7.11
441,Victoria,HK,2022-10-16 00:36:26,22.2855,114.1577,82.18,48,100,18.01
442,Bambanglipuro,ID,2022-10-16 00:36:27,-7.95,110.2833,79.88,78,100,5.41
443,Tashla,RU,2022-10-16 00:36:27,51.7716,52.7427,43.12,75,100,7.63
444,Aksu,CN,2022-10-16 00:36:27,41.1231,80.2644,51.48,25,0,2.08
445,Rio Grande,BR,2022-10-16 00:36:28,-32.035,-52.0986,62.71,89,100,18.45
446,Micheweni,TZ,2022-10-16 00:34:43,-4.9667,39.8333,74.1,84,100,7.7
447,Barcelos,PT,2022-10-16 00:31:34,41.5388,-8.6151,63.91,84,100,7.38
448,Toowoomba,AU,2022-10-16 00:36:28,-27.55,151.9667,74.82,35,7,4.68
449,Itabera,BR,2022-10-16 00:36:28,-23.8619,-49.1372,63.41,91,100,12.17
450,Shimanovsk,RU,2022-10-16 00:36:29,52.0,127.7,39.33,54,65,3.18
451,Miranda De Ebro,ES,2022-10-16 00:36:29,42.6865,-2.947,62.98,49,47,3.62
452,Morondava,MG,2022-10-16 00:36:30,-20.2833,44.2833,73.81,75,15,7.09
453,Okhotsk,RU,2022-10-16 00:36:30,59.3833,143.3,30.06,46,64,10.74
454,Narrabri,AU,2022-10-16 00:36:30,-30.3167,149.7833,70.52,56,7,4.0
455,Souillac,MU,2022-10-16 00:36:31,-20.5167,57.5167,70.18,78,75,6.91
456,Novobelokatay,RU,2022-10-16 00:37:31,55.7062,58.9549,40.84,94,100,7.96
457,Riyadh,SA,2022-10-16 00:35:16,24.6877,46.7219,71.74,20,2,4.32
458,Vila,PT,2022-10-16 00:37:31,42.0304,-8.1588,54.48,93,100,5.37
459,Khachrod,IN,2022-10-16 00:37:32,23.4167,75.2833,64.13,61,8,6.08
460,Namtsy,RU,2022-10-16 00:37:32,62.7161,129.6658,23.85,87,84,8.08
461,Kvitok,RU,2022-10-16 00:37:32,56.0724,98.4813,29.14,82,25,5.48
462,Ridgecrest,US,2022-10-16 00:34:24,35.6225,-117.6709,89.46,14,0,4.61
463,Baculin,PH,2022-10-16 00:37:33,7.4525,126.5842,85.44,69,100,3.36
464,Fethiye,TR,2022-10-16 00:37:33,36.6217,29.1164,60.67,70,99,4.68
465,Grunstadt,DE,2022-10-16 00:37:34,49.5692,8.1681,61.57,95,100,7.27
466,Nsawam,GH,2022-10-16 00:37:34,5.8089,-0.3503,74.5,94,100,5.53
467,Mecca,SA,2022-10-16 00:32:49,21.4267,39.8261,80.53,52,0,3.89
468,Evensk,RU,2022-10-16 00:37:34,61.95,159.2333,23.0,75,98,7.7
469,Marzuq,YE,2022-10-16 00:37:35,14.4,46.4667,67.75,59,5,2.08
470,Oistins,BB,2022-10-16 00:37:35,13.0667,-59.5333,80.69,89,20,11.5
471,Bacalan,PH,2022-10-16 00:37:35,11.5464,122.0849,82.15,82,100,11.81
472,Goderich,CA,2022-10-16 00:37:36,43.7501,-81.7165,50.92,53,87,17.27
473,Moose Factory,CA,2022-10-16 00:37:36,51.2585,-80.6094,46.4,93,100,2.3
474,Ixtapa,MX,2022-10-16 00:37:36,20.7,-105.2,83.43,79,100,6.91
475,Ejura,GH,2022-10-16 00:37:37,7.3856,-1.3562,72.07,92,100,3.18
476,Henties Bay,NA,2022-10-16 00:37:37,-22.116,14.2845,58.89,89,18,7.76
477,Bethel,US,2022-10-16 00:34:05,41.3712,-73.414,61.65,73,0,6.91
478,Esperance,AU,2022-10-16 00:37:37,-33.8667,121.9,60.64,64,61,12.37
479,Tuatapere,NZ,2022-10-16 00:37:38,-46.1333,167.6833,58.57,68,50,5.41
480,Beloha,MG,2022-10-16 00:37:38,-25.1667,45.05,66.58,98,44,5.12
481,Alofi,NU,2022-10-16 00:33:29,-19.0595,-169.9187,84.09,65,0,11.5
482,Yumen,CN,2022-10-16 00:37:38,40.2833,97.2,48.99,25,0,1.23
483,La Ronge,CA,2022-10-16 00:37:39,55.1001,-105.2842,35.85,48,20,10.36
484,Lakatoro,VU,2022-10-16 00:37:39,-16.0999,167.4164,80.69,66,41,10.65
485,Ust-Tsilma,RU,2022-10-16 00:37:39,65.441,52.1498,40.03,97,100,3.89
486,Tigzirt,DZ,2022-10-16 00:37:40,36.8886,4.1198,74.05,49,32,6.49
487,Tahta,EG,2022-10-16 00:37:40,26.7693,31.5021,76.62,36,0,7.52
488,Karasjok,NO,2022-10-16 00:37:40,69.4719,25.5112,42.6,97,100,13.04
489,Ballina,AU,2022-10-16 00:34:36,-28.8667,153.5667,72.79,82,25,5.12
490,Juruti,BR,2022-10-16 00:37:41,-2.1522,-56.0922,76.62,83,74,0.25
491,Guangyuan,CN,2022-10-16 00:37:41,32.442,105.823,61.68,66,100,4.63
492,Waipawa,NZ,2022-10-16 00:37:41,-41.4122,175.5153,56.07,58,77,6.11
493,Valreas,FR,2022-10-16 00:37:42,44.3837,4.9908,59.88,79,49,3.29
494,Tymovskoye,RU,2022-10-16 00:37:42,50.8456,142.655,49.08,78,100,10.02
495,Chara,RU,2022-10-16 00:37:42,56.9064,118.2631,23.0,73,44,1.01
496,Aasiaat,GL,2022-10-16 00:36:08,68.7098,-52.8699,18.99,79,99,12.48
497,Xai-Xai,MZ,2022-10-16 00:37:43,-25.0519,33.6442,72.68,87,100,12.33
498,Omsukchan,RU,2022-10-16 00:33:16,62.5333,155.8,7.63,89,44,2.66
499,Saint-Joseph,RE,2022-10-16 00:37:43,-21.3667,55.6167,70.47,77,26,10.07
500,Kaeo,NZ,2022-10-16 00:38:43,-35.1,173.7833,71.33,71,6,8.41
501,Acajutla,SV,2022-10-16 00:38:44,13.5928,-89.8275,80.8,80,100,1.34
502,Kamaishi,JP,2022-10-16 00:38:44,39.2667,141.8833,64.22,76,26,3.51
503,Weiser,US,2022-10-16 00:38:44,44.251,-116.9693,77.31,25,0,4.88
504,Mahebourg,MU,2022-10-16 00:34:16,-20.4081,57.7,70.09,78,75,6.91
505,Volodarka,UA,2022-10-16 00:38:44,49.5248,29.9122,39.43,64,0,6.53
506,Beringovskiy,RU,2022-10-16 00:38:45,63.05,179.3167,29.1,67,100,16.37
507,Loukhi,RU,2022-10-16 00:38:45,66.0764,33.0381,46.8,93,100,10.09
508,Reo,BF,2022-10-16 00:38:45,12.3167,-2.4667,77.7,75,96,7.63
509,Kendari,ID,2022-10-16 00:38:46,-3.945,122.4989,80.65,82,100,1.19
510,Salalah,OM,2022-10-16 00:38:46,17.0151,54.0924,73.49,49,0,3.44
511,Mitsamiouli,KM,2022-10-16 00:38:46,-11.3847,43.2844,74.7,78,1,9.78
512,Kashan,IR,2022-10-16 00:38:47,33.9831,51.4364,71.56,19,100,1.59
513,Dera Ghazi Khan,PK,2022-10-16 00:38:47,30.0561,70.6348,70.54,22,0,3.29
514,Anadyr,RU,2022-10-16 00:38:47,64.75,177.4833,27.1,79,75,13.42
515,Shemordan,RU,2022-10-16 00:38:48,56.1856,50.3972,32.95,90,17,6.11
516,Slavyanka,RU,2022-10-16 00:38:48,42.8633,131.3847,58.64,62,100,2.15
517,Grindavik,IS,2022-10-16 00:38:48,63.8424,-22.4338,37.87,81,75,31.07
518,Krasnoselkup,RU,2022-10-16 00:38:49,65.7,82.4667,29.62,86,95,9.93
519,Gigmoto,PH,2022-10-16 00:38:49,13.7796,124.39,85.1,77,100,13.31
520,Dodge City,US,2022-10-16 00:38:49,37.7528,-100.0171,70.05,31,0,8.05
521,George Town,MY,2022-10-16 00:34:06,5.4112,100.3354,76.93,98,40,4.61
522,Fort Nelson,CA,2022-10-16 00:38:50,58.8053,-122.7002,36.99,65,75,2.3
523,Isiro,CD,2022-10-16 00:38:50,2.7739,27.616,65.7,99,100,1.83
524,Nigran,ES,2022-10-16 00:38:50,42.1415,-8.8066,68.65,87,100,13.8
525,Hit,IQ,2022-10-16 00:38:51,33.6416,42.8251,76.91,26,0,6.31
526,Uyuni,BO,2022-10-16 00:38:51,-20.4597,-66.825,46.15,16,0,5.12
527,Carutapera,BR,2022-10-16 00:38:51,-1.195,-46.02,78.66,82,43,6.17
528,Odienne,CI,2022-10-16 00:38:51,9.51,-7.5692,70.95,94,100,3.44
529,Maturin,VE,2022-10-16 00:38:52,9.75,-63.1767,76.84,100,6,4.61
530,Santa Cruz,BO,2022-10-16 00:38:52,-17.8,-63.1667,80.06,61,40,2.3
531,Kantang,TH,2022-10-16 00:38:52,7.4054,99.5156,75.29,100,40,2.3
532,Sheltozero,RU,2022-10-16 00:38:53,61.3667,35.3667,46.6,89,100,8.93
533,Polovinnoye,RU,2022-10-16 00:38:53,54.7914,65.9864,43.16,79,99,6.24
534,Meulaboh,ID,2022-10-16 00:38:53,4.1363,96.1285,75.7,86,100,3.09
535,Hambantota,LK,2022-10-16 00:38:54,6.1241,81.1185,75.54,100,20,3.44
536,Saint-Donat-De-Montcalm,CA,2022-10-16 00:38:54,46.3187,-74.2219,44.83,84,100,11.16
537,Kalaleh,IR,2022-10-16 00:38:54,37.3807,55.4916,62.2,67,0,0.0
538,Providencia,MX,2022-10-16 00:38:54,28.7167,-111.5833,79.21,61,36,10.0
539,Ilulissat,GL,2022-10-16 00:38:55,69.2167,-51.1,30.22,37,51,24.16
540,Nieuw Amsterdam,SR,2022-10-16 00:38:55,5.8833,-55.0833,80.62,85,20,4.61
541,Bardiyah,LY,2022-10-16 00:38:55,31.7561,25.0865,70.48,73,5,17.2
542,Vicuna,CL,2022-10-16 00:35:41,-30.0319,-70.7081,46.13,52,0,0.54
543,Norden,DE,2022-10-16 00:38:56,53.6,7.2,55.94,77,100,3.0
544,Loudon,US,2022-10-16 00:38:56,35.7328,-84.3338,71.56,62,20,4.88
545,Nikki,BJ,2022-10-16 00:38:56,9.9401,3.2108,72.18,85,98,2.75
546,Sao Joao Da Barra,BR,2022-10-16 00:34:04,-21.6403,-41.0511,71.69,78,100,8.14
547,Cairns,AU,2022-10-16 00:38:57,-16.9167,145.7667,91.06,61,75,8.05
548,Macapa,BR,2022-10-16 00:37:05,0.0389,-51.0664,85.98,74,20,11.5
549,Abalak,RU,2022-10-16 00:39:57,58.1286,68.5944,43.25,91,99,3.65
550,Dmitriyevka,RU,2022-10-16 00:39:57,54.75,55.3333,42.35,90,98,7.94
551,Aklavik,CA,2022-10-16 00:38:45,68.2191,-135.0107,22.73,73,100,12.24
552,Khandbari,NP,2022-10-16 00:39:58,27.3747,87.2039,62.53,68,0,4.21
553,Zhanaozen,KZ,2022-10-16 00:38:05,43.3,52.8,56.05,61,100,14.07
554,Yunyang,CN,2022-10-16 00:39:58,33.4474,112.7142,72.99,33,8,5.01
555,Dunda,TZ,2022-10-16 00:39:58,-8.1167,34.25,62.74,53,84,2.48
556,Fuling,CN,2022-10-16 00:39:59,29.7022,107.3919,65.59,78,100,1.83
557,Kabompo,ZM,2022-10-16 00:39:59,-13.5927,24.2008,62.85,26,5,6.13
558,Eastbourne,GB,2022-10-16 00:39:59,50.7687,0.2845,60.49,83,90,5.01
559,Osa,RU,2022-10-16 00:40:00,57.2829,55.4567,39.7,86,67,6.17
560,Pedernales,DO,2022-10-16 00:40:00,18.0384,-71.744,81.0,73,11,4.41
561,Jian,CN,2022-10-16 00:40:00,27.1172,114.9793,71.53,42,3,10.54
562,Muisne,EC,2022-10-16 00:40:01,0.6,-80.0333,73.94,82,94,8.23
563,Betsiamites,CA,2022-10-16 00:40:01,48.9413,-68.646,46.8,98,52,6.2
